Basic format

Creating the table
CREATE TABLE reaction (
    id INT AUTO_INCREMENT PRIMARY KEY,
    user_name VARCHAR(100),
    reaction_type VARCHAR(20),
    post_id INT,
    created_at DATETIME,
    location VARCHAR(100),
    mood_level INT,
    comment TEXT
);

Inserting the data
INSERT INTO reaction (user_name, reaction_type, post_id, created_at, location, mood_level, comment) VALUES
('Alice', 'like', 101, '2025-08-07 10:15:00', 'New York', 8, 'Nice post!'),
('Bob', 'love', 102, '2025-08-06 14:20:00', 'Los Angeles', 9, 'Awesome!'),
('Charlie', 'angry', 101, '2025-08-05 09:10:00', 'Chicago', 3, NULL),
('Diana', 'wow', 103, '2025-08-07 08:30:00', 'Miami', 7, 'Interesting point.'),
('Ethan', 'sad', 104, '2025-08-04 16:45:00', 'Dallas', 2, NULL),
('Fiona', 'love', 102, '2025-08-07 12:00:00', 'Boston', 6, 'Well said.'),
('George', 'like', 105, '2025-08-03 11:25:00', 'Seattle', 5, NULL),
('Hannah', 'like', 106, '2025-08-07 15:50:00', 'Denver', 9, 'Completely agree!'),
('Ian', 'angry', 107, '2025-08-06 13:15:00', 'Phoenix', 4, 'Not okay with this.'),
('Jane', 'sad', 108, '2025-08-02 18:40:00', 'Atlanta', 1, NULL),
('Sam', 'like', 101, '2025-08-07 10:50:00', 'New York', 8, 'NULL'),
('Anita', 'wow', 109, '2025-08-01 20:10:00', 'Houston', 7, NULL),
('Brian', 'love', 110, '2025-08-07 09:05:00', 'San Francisco', 10, 'Fantastic work!'),
('Catherine', 'like', 111, '2025-08-07 08:55:00', 'New York', 6, NULL),
('Daniel', 'angry', 112, '2025-08-05 17:35:00', 'Chicago', 2, NULL);
 
LIKE
Write a query to find all reactions made by users whose names start with the letter 'A'.
ANS: 
select user_name, reaction_type from reaction where reaction_type like 'A%';
+-----------+---------------+
| user_name | reaction_type |
+-----------+---------------+
| Charlie   | angry         |
| Ian       | angry         |
| Daniel    | angry         |
+-----------+---------------+
3 rows in set (0.00 sec)
AS (Alias)
Write a query to display user_name as Reactor and reaction_type as Type.
ANS:
select user_name as Reactor , reaction_type as Type from reaction;
+-----------+-------+
| Reactor   | Type  |
+-----------+-------+
| Alice     | like  |
| Bob       | love  |
| Charlie   | angry |
| Diana     | wow   |
| Ethan     | sad   |
| Fiona     | love  |
| George    | like  |
| Hannah    | like  |
| Ian       | angry |
| Jane      | sad   |
| Sam       | like  |
| Anita     | wow   |
| Brian     | love  |
| Catherine | like  |
| Daniel    | angry |
+-----------+-------+
15 rows in set (0.01 sec)
BETWEEN
Write a query to find all reactions where the mood level is between 4 and 8.
ANS:
select reaction_type,mood_level from reaction where mood_level between 4 and 8;
+---------------+------------+
| reaction_type | mood_level |
+---------------+------------+
| like          |          8 |
| wow           |          7 |
| love          |          6 |
| like          |          5 |
| angry         |          4 |
| like          |          8 |
| wow           |          7 |
| like          |          6 |
+---------------+------------+
8 rows in set (0.00 sec)
AND
Write a query to get all reactions where the type is 'like' and the mood level is above 7.
ANS:
select reaction_type,mood_level from reaction where reaction_type='like' and mood_level>7;
+---------------+------------+
| reaction_type | mood_level |
+---------------+------------+
| like          |          8 |
| like          |          9 |
| like          |          8 |
+---------------+------------+
3 rows in set (0.00 sec)
OR
Write a query to list all reactions where the type is either 'love' or 'angry'.
ANS:
select reaction_type from reaction where reaction_type='like' or reaction_type='angry';
+---------------+
| reaction_type |
+---------------+
| like          |
| angry         |
| like          |
| like          |
| angry         |
| like          |
| like          |
| angry         |
+---------------+
8 rows in set (0.00 sec)
NOT
Write a query to show all reactions that are not of type 'sad'.
ANS:
select reaction_type from reaction where not reaction_type='sad';
+---------------+
| reaction_type |
+---------------+
| like          |
| love          |
| angry         |
| wow           |
| love          |
| like          |
| like          |
| angry         |
| like          |
| wow           |
| love          |
| like          |
| angry         |
+---------------+
13 rows in set (0.00 sec)
IN
Write a query to find all reactions where the reaction type is 'like', 'wow', or 'love'.
ANS: 
select reaction_type from reaction where reaction_type in ('like','wow','love');
+---------------+
| reaction_type |
+---------------+
| like          |
| love          |
| wow           |
| love          |
| like          |
| like          |
| like          |
| wow           |
| love          |
| like          |
+---------------+
10 rows in set (0.00 sec)
IS NULL
Write a query to display all reactions where the comment is missing (i.e., NULL).
ANS:
select reaction_type,comment from reaction where comment is NULL;
+---------------+---------+
| reaction_type | comment |
+---------------+---------+
| angry         | NULL    |
| sad           | NULL    |
| like          | NULL    |
| sad           | NULL    |
| wow           | NULL    |
| like          | NULL    |
| angry         | NULL    |
+---------------+---------+
7 rows in set (0.00 sec)

IS NOT NULL
Write a query to find all reactions that include a comment.
ANS:
select reaction_type,comment from reaction where comment is not NULL;
+---------------+---------------------+
| reaction_type | comment             |
+---------------+---------------------+
| like          | Nice post!          |
| love          | Awesome!            |
| wow           | Interesting point.  |
| love          | Well said.          |
| like          | Completely agree!   |
| angry         | Not okay with this. |
| like          | NULL                |
| love          | Fantastic work!     |
+---------------+---------------------+
8 rows in set (0.00 sec)
UPPER()
Write a query to show all usernames in uppercase.
ANS:
select upper(user_name) from reaction;
+------------------+
| upper(user_name) |
+------------------+
| ALICE            |
| BOB              |
| CHARLIE          |
| DIANA            |
| ETHAN            |
| FIONA            |
| GEORGE           |
| HANNAH           |
| IAN              |
| JANE             |
| SAM              |
| ANITA            |
| BRIAN            |
| CATHERINE        |
| DANIEL           |
+------------------+
15 rows in set (0.01 sec)
LOWER()
Write a query to show all reaction types in lowercase.
ANS:
select lower(reaction_type) from reaction;
+----------------------+
| lower(reaction_type) |
+----------------------+
| like                 |
| love                 |
| angry                |
| wow                  |
| sad                  |
| love                 |
| like                 |
| like                 |
| angry                |
| sad                  |
| like                 |
| wow                  |
| love                 |
| like                 |
| angry                |
+----------------------+
15 rows in set (0.00 sec)
LENGTH()
Write a query to find all users whose usernames are longer than 6 characters.
ANS:
select user_name from reaction where user_name like '______%';
+-----------+
| user_name |
+-----------+
| Charlie   |
| George    |
| Hannah    |
| Catherine |
| Daniel    |
+-----------+
5 rows in set (0.00 sec)
NOW()
Write a query to find all reactions made today (based on the created_at column).
ANS:
select * from reaction where date_format(created_at,'%Y-%m-%d')=curdate();
+----+-----------+---------------+---------+---------------------+---------------+------------+--------------------+
| id | user_name | reaction_type | post_id | created_at          | location      | mood_level | comment            |
+----+-----------+---------------+---------+---------------------+---------------+------------+--------------------+
|  1 | Alice     | like          |     101 | 2025-08-07 10:15:00 | New York      |          8 | Nice post!         |
|  4 | Diana     | wow           |     103 | 2025-08-07 08:30:00 | Miami         |          7 | Interesting point. |
|  6 | Fiona     | love          |     102 | 2025-08-07 12:00:00 | Boston        |          6 | Well said.         |
|  8 | Hannah    | like          |     106 | 2025-08-07 15:50:00 | Denver        |          9 | Completely agree!  |
| 11 | Sam       | like          |     101 | 2025-08-07 10:50:00 | New York      |          8 | NULL               |
| 13 | Brian     | love          |     110 | 2025-08-07 09:05:00 | San Francisco |         10 | Fantastic work!    |
| 14 | Catherine | like          |     111 | 2025-08-07 08:55:00 | New York      |          6 | NULL               |
+----+-----------+---------------+---------+---------------------+---------------+------------+--------------------+
7 rows in set (0.01 sec)
DATE()
Write a query to extract and show only the date part from the created_at column.
ANS: 
SELECT date(created_at) from reaction;
+------------------+
| date(created_at) |
+------------------+
| 2025-08-07       |
| 2025-08-06       |
| 2025-08-05       |
| 2025-08-07       |
| 2025-08-04       |
| 2025-08-07       |
| 2025-08-03       |
| 2025-08-07       |
| 2025-08-06       |
| 2025-08-02       |
| 2025-08-07       |
| 2025-08-01       |
| 2025-08-07       |
| 2025-08-07       |
| 2025-08-05       |
+------------------+
15 rows in set (0.00 sec)
LIKE with %
Write a query to find all users whose name contains the substring 'an'.
ANS:
select user_name from reaction where user_name like '%an%';
+-----------+
| user_name |
+-----------+
| Diana     |
| Ethan     |
| Hannah    |
| Ian       |
| Jane      |
| Anita     |
| Brian     |
| Daniel    |
+-----------+
8 rows in set (0.00 sec)
ROUND()
Write a query to display each user's mood level rounded to the nearest 5.
ANS:
select user_name, round(mood_level/5.0)*5 from reaction;
+-----------+-------------------------+
| user_name | round(mood_level/5.0)*5 |
+-----------+-------------------------+
| Alice     |                      10 |
| Bob       |                      10 |
| Charlie   |                       5 |
| Diana     |                       5 |
| Ethan     |                       0 |
| Fiona     |                       5 |
| George    |                       5 |
| Hannah    |                      10 |
| Ian       |                       5 |
| Jane      |                       0 |
| Sam       |                      10 |
| Anita     |                       5 |
| Brian     |                      10 |
| Catherine |                       5 |
| Daniel    |                       0 |
+-----------+-------------------------+
15 rows in set (0.00 sec)
SUBSTR + UPPER()
Write a query to show the first 2 letters of each user's name in uppercase.
ANS:
select upper(substr(user_name,1,2)) from reaction;
+------------------------------+
| upper(substr(user_name,1,2)) |
+------------------------------+
| AL                           |
| BO                           |
| CH                           |
| DI                           |
| ET                           |
| FI                           |
| GE                           |
| HA                           |
| IA                           |
| JA                           |
| SA                           |
| AN                           |
| BR                           |
| CA                           |
| DA                           |
+------------------------------+
15 rows in set (0.00 sec)
NOT IN (with values)
Write a query to find all reactions not made on posts with IDs 10, 20, or 30.
ANS:
  select reaction_type from reaction where post_id not in(10,20,30);
+---------------+
| reaction_type |
+---------------+
| like          |
| love          |
| angry         |
| wow           |
| sad           |
| love          |
| like          |
| like          |
| angry         |
| sad           |
| like          |
| wow           |
| love          |
| like          |
| angry         |
+---------------+
15 rows in set (0.00 sec)
COUNT and IS NULL
Write a query to count how many reactions have no comment.
ANS:
select count(*)-count(comment) as No_comments from reaction ;
+-------------+
| No_comments |
+-------------+
|           7 |
+-------------+
1 row in set (0.01 sec)
Create the user table
CREATE TABLE users (
    id INT AUTO_INCREMENT PRIMARY KEY,
    username VARCHAR(50),
    email VARCHAR(100),
    age INT,
    city VARCHAR(50),
    joined_at DATETIME,
    status VARCHAR(20),
    bio TEXT
);
Insert the data
INSERT INTO users (username, email, age, city, joined_at, status, bio) VALUES
('Alice123', 'alice@example.com', 25, 'New York', '2025-08-01 10:00:00', 'active', 'Love hiking and travel.'),
('Bob99', NULL, 30, 'Los Angeles', '2025-07-25 09:30:00', 'inactive', NULL),
('CharlieX', 'charlie@example.com', 17, 'Chicago', '2025-08-05 14:45:00', 'active', 'High school student.'),
('Dana_88', 'dana@example.com', 45, 'Miami', '2025-07-20 08:15:00', 'pending', NULL),
('Eli', 'eli@example.com', 60, 'Houston', '2025-08-07 13:20:00', 'active', 'Retired engineer.'),
('Fay', NULL, 33, 'Boston', '2025-08-02 11:10:00', 'inactive', 'Digital nomad.'),
('Gina007', 'gina@example.com', 28, 'Seattle', '2025-08-07 16:30:00', 'active', 'Coffee lover.');



Create the order table 
CREATE TABLE orders (
    order_id INT AUTO_INCREMENT PRIMARY KEY,
    customer_name VARCHAR(100),
    product_name VARCHAR(100),
    order_date DATETIME,
    quantity INT,
    price DECIMAL(10,2),
    status VARCHAR(20),
    shipping_address TEXT
);

Insert the data
INSERT INTO orders (customer_name, product_name, order_date, quantity, price, status, shipping_address) VALUES
('Alice', 'Laptop', '2025-08-07 09:00:00', 1, 1200.00, 'shipped', '123 Main St, New York'),
('Bob', 'Phone', '2025-08-06 14:10:00', 2, 650.50, 'pending', '456 Elm St, LA'),
('Charlie', 'Tablet', '2025-08-05 11:25:00', 1, 300.00, 'cancelled', NULL),
('Diana', 'Monitor', '2025-08-07 15:40:00', 3, 199.99, 'shipped', '789 Pine St, Chicago'),
('Ethan', 'Keyboard', '2025-08-03 08:20:00', 5, 49.99, 'processing', NULL),
('Fiona', 'Mouse', '2025-08-04 10:30:00', 4, 25.00, 'shipped', '321 Oak St, Houston');

LIKE
1.	Write a query to find all customers whose names end with 'a'.
ANS:
select customer_name from orders where customer_name like '%a';
+---------------+
| customer_name |
+---------------+
| Diana         |
| Fiona         |
+---------------+
2 rows in set (0.00 sec)
2.	Write a query to find orders where the product name contains the word 'Phone'.
ANS:
select * from orders where product_name like 'Phone';
+----------+---------------+--------------+---------------------+----------+--------+---------+------------------+
| order_id | customer_name | product_name | order_date          | quantity | price  | status  | shipping_address |
+----------+---------------+--------------+---------------------+----------+--------+---------+------------------+
|        2 | Bob           | Phone        | 2025-08-06 14:10:00 |        2 | 650.50 | pending | 456 Elm St, LA   |
+----------+---------------+--------------+---------------------+----------+--------+---------+------------------+
1 row in set (0.00 sec)
3.	Write a query to find orders where the product name is exactly 5 characters long.
ANS:
select * from orders where product_name like '_____';
+----------+---------------+--------------+---------------------+----------+--------+---------+---------------------+
| order_id | customer_name | product_name | order_date          | quantity | price  | status  | shipping_address    |
+----------+---------------+--------------+---------------------+----------+--------+---------+---------------------+
|        2 | Bob           | Phone        | 2025-08-06 14:10:00 |        2 | 650.50 | pending | 456 Elm St, LA      |
|        6 | Fiona         | Mouse        | 2025-08-04 10:30:00 |        4 |  25.00 | shipped | 321 Oak St, Houston |
+----------+---------------+--------------+---------------------+----------+--------+---------+---------------------+
2 rows in set (0.00 sec)

 AS (Alias)
5.	Write a query to show customer name as Buyer and price as Unit_Price.
ANS:
 select customer_name as Buyers, price as unit_price from orders;
+---------+------------+
| Buyers  | unit_price |
+---------+------------+
| Alice   |    1200.00 |
| Bob     |     650.50 |
| Charlie |     300.00 |
| Diana   |     199.99 |
| Ethan   |      49.99 |
| Fiona   |      25.00 |
+---------+------------+
6 rows in set (0.00 sec)
6.	Write a query to show order ID and total amount (quantity Ã— price) as Total_Cost.
ANS: 
select order_id, (quantity*price) as Total_Cost from orders;
+----------+------------+
| order_id | Total_Cost |
+----------+------------+
|        1 |    1200.00 |
|        2 |    1301.00 |
|        3 |     300.00 |
|        4 |     599.97 |
|        5 |     249.95 |
|        6 |     100.00 |
+----------+------------+
6 rows in set (0.00 sec)
       NOT
7.	Write a query to find all orders not placed by 'Bob'.
ANS:
select * from orders where not customer_name='Bob';
+----------+---------------+--------------+---------------------+----------+---------+------------+-----------------------+
| order_id | customer_name | product_name | order_date          | quantity | price   | status     | shipping_address      |
+----------+---------------+--------------+---------------------+----------+---------+------------+-----------------------+
|        1 | Alice         | Laptop       | 2025-08-07 09:00:00 |        1 | 1200.00 | shipped    | 123 Main St, New York |
|        3 | Charlie       | Tablet       | 2025-08-05 11:25:00 |        1 |  300.00 | cancelled  | NULL                  |
|        4 | Diana         | Monitor      | 2025-08-07 15:40:00 |        3 |  199.99 | shipped    | 789 Pine St, Chicago  |
|        5 | Ethan         | Keyboard     | 2025-08-03 08:20:00 |        5 |   49.99 | processing | NULL                  |
|        6 | Fiona         | Mouse        | 2025-08-04 10:30:00 |        4 |   25.00 | shipped    | 321 Oak St, Houston   |
+----------+---------------+--------------+---------------------+----------+---------+------------+-----------------------+
5 rows in set (0.00 sec)
8.	Write a query to find orders where status is not 'shipped'.
ANS:
select * from orders where not status='shipped';
+----------+---------------+--------------+---------------------+----------+--------+------------+------------------+
| order_id | customer_name | product_name | order_date          | quantity | price  | status     | shipping_address |
+----------+---------------+--------------+---------------------+----------+--------+------------+------------------+
|        2 | Bob           | Phone        | 2025-08-06 14:10:00 |        2 | 650.50 | pending    | 456 Elm St, LA   |
|        3 | Charlie       | Tablet       | 2025-08-05 11:25:00 |        1 | 300.00 | cancelled  | NULL             |
|        5 | Ethan         | Keyboard     | 2025-08-03 08:20:00 |        5 |  49.99 | processing | NULL             |
+----------+---------------+--------------+---------------------+----------+--------+------------+------------------+
3 rows in set (0.00 sec)
AND
9.	Write a query to find orders with quantity greater than 2 and price less than 500.
ANS:
select * from orders where quantity>2 and price<500;
+----------+---------------+--------------+---------------------+----------+--------+------------+----------------------+
| order_id | customer_name | product_name | order_date          | quantity | price  | status     | shipping_address     |
+----------+---------------+--------------+---------------------+----------+--------+------------+----------------------+
|        4 | Diana         | Monitor      | 2025-08-07 15:40:00 |        3 | 199.99 | shipped    | 789 Pine St, Chicago |
|        5 | Ethan         | Keyboard     | 2025-08-03 08:20:00 |        5 |  49.99 | processing | NULL                 |
|        6 | Fiona         | Mouse        | 2025-08-04 10:30:00 |        4 |  25.00 | shipped    | 321 Oak St, Houston  |
+----------+---------------+--------------+---------------------+----------+--------+------------+----------------------+
3 rows in set (0.00 sec)
10.	Write a query to find orders placed by 'Alice' and status is 'shipped'.
ANS:
select * from orders where customer_name='Alice' and status='shipped';
+----------+---------------+--------------+---------------------+----------+---------+---------+-----------------------+
| order_id | customer_name | product_name | order_date          | quantity | price   | status  | shipping_address      |
+----------+---------------+--------------+---------------------+----------+---------+---------+-----------------------+
|        1 | Alice         | Laptop       | 2025-08-07 09:00:00 |        1 | 1200.00 | shipped | 123 Main St, New York |
+----------+---------------+--------------+---------------------+----------+---------+---------+-----------------------+
1 row in set (0.00 sec)
OR
11.	Write a query to find orders where status is 'pending' or 'processing'.
ANS:
select * from orders where status='pending' or status='processing';
+----------+---------------+--------------+---------------------+----------+--------+------------+------------------+
| order_id | customer_name | product_name | order_date          | quantity | price  | status     | shipping_address |
+----------+---------------+--------------+---------------------+----------+--------+------------+------------------+
|        2 | Bob           | Phone        | 2025-08-06 14:10:00 |        2 | 650.50 | pending    | 456 Elm St, LA   |
|        5 | Ethan         | Keyboard     | 2025-08-03 08:20:00 |        5 |  49.99 | processing | NULL             |
+----------+---------------+--------------+---------------------+----------+--------+------------+------------------+
2 rows in set (0.00 sec)
12.	Write a query to find orders made by 'Alice' or 'Diana'.
ANS: 
select * from orders where customer_name='Alice' or customer_name='Diana';
+----------+---------------+--------------+---------------------+----------+---------+---------+-----------------------+
| order_id | customer_name | product_name | order_date          | quantity | price   | status  | shipping_address      |
+----------+---------------+--------------+---------------------+----------+---------+---------+-----------------------+
|        1 | Alice         | Laptop       | 2025-08-07 09:00:00 |        1 | 1200.00 | shipped | 123 Main St, New York |
|        4 | Diana         | Monitor      | 2025-08-07 15:40:00 |        3 |  199.99 | shipped | 789 Pine St, Chicago  |
+----------+---------------+--------------+---------------------+----------+---------+---------+-----------------------+
2 rows in set (0.00 sec)
IN
13.	Write a query to find orders for products in the categories: 'Laptop', 'Phone', or 'Tablet'.
ANS:
select * from orders where product_name in('Laptop','Phone','Tablet');
+----------+---------------+--------------+---------------------+----------+---------+-----------+-----------------------+
| order_id | customer_name | product_name | order_date          | quantity | price   | status    | shipping_address      |
+----------+---------------+--------------+---------------------+----------+---------+-----------+-----------------------+
|        1 | Alice         | Laptop       | 2025-08-07 09:00:00 |        1 | 1200.00 | shipped   | 123 Main St, New York |
|        2 | Bob           | Phone        | 2025-08-06 14:10:00 |        2 |  650.50 | pending   | 456 Elm St, LA        |
|        3 | Charlie       | Tablet       | 2025-08-05 11:25:00 |        1 |  300.00 | cancelled | NULL                  |
+----------+---------------+--------------+---------------------+----------+---------+-----------+-----------------------+
3 rows in set (0.00 sec)
14.	Write a query to find orders placed by customers in a given list: 'Alice', 'Bob', 'Charlie'.
ANS:
select * from orders where customer_name in('Alice','Bob','Charlie');
+----------+---------------+--------------+---------------------+----------+---------+-----------+-----------------------+
| order_id | customer_name | product_name | order_date          | quantity | price   | status    | shipping_address      |
+----------+---------------+--------------+---------------------+----------+---------+-----------+-----------------------+
|        1 | Alice         | Laptop       | 2025-08-07 09:00:00 |        1 | 1200.00 | shipped   | 123 Main St, New York |
|        2 | Bob           | Phone        | 2025-08-06 14:10:00 |        2 |  650.50 | pending   | 456 Elm St, LA        |
|        3 | Charlie       | Tablet       | 2025-08-05 11:25:00 |        1 |  300.00 | cancelled | NULL                  |
+----------+---------------+--------------+---------------------+----------+---------+-----------+-----------------------+
3 rows in set (0.00 sec)
IS NULL / IS NOT NULL
15.	Write a query to find orders where the shipping address is missing.
ANS: 
select * from orders where shipping_address is null;
+----------+---------------+--------------+---------------------+----------+--------+------------+------------------+
| order_id | customer_name | product_name | order_date          | quantity | price  | status     | shipping_address |
+----------+---------------+--------------+---------------------+----------+--------+------------+------------------+
|        3 | Charlie       | Tablet       | 2025-08-05 11:25:00 |        1 | 300.00 | cancelled  | NULL             |
|        5 | Ethan         | Keyboard     | 2025-08-03 08:20:00 |        5 |  49.99 | processing | NULL             |
+----------+---------------+--------------+---------------------+----------+--------+------------+------------------+
2 rows in set (0.00 sec)
16.	Write a query to find orders where the shipping address is provided.
ANS:
select * from orders where shipping_address is not null;
+----------+---------------+--------------+---------------------+----------+---------+---------+-----------------------+
| order_id | customer_name | product_name | order_date          | quantity | price   | status  | shipping_address      |
+----------+---------------+--------------+---------------------+----------+---------+---------+-----------------------+
|        1 | Alice         | Laptop       | 2025-08-07 09:00:00 |        1 | 1200.00 | shipped | 123 Main St, New York |
|        2 | Bob           | Phone        | 2025-08-06 14:10:00 |        2 |  650.50 | pending | 456 Elm St, LA        |
|        4 | Diana         | Monitor      | 2025-08-07 15:40:00 |        3 |  199.99 | shipped | 789 Pine St, Chicago  |
|        6 | Fiona         | Mouse        | 2025-08-04 10:30:00 |        4 |   25.00 | shipped | 321 Oak St, Houston   |
+----------+---------------+--------------+---------------------+----------+---------+---------+-----------------------+
4 rows in set (0.00 sec)
FUNCTION-BASED
17.	Write a query to find customers whose name is longer than 5 characters.
ANS:
select customer_name from orders where customer_name like '_____%';
+---------------+
| customer_name |
+---------------+
| Alice         |
| Charlie       |
| Diana         |
| Ethan         |
| Fiona         |
+---------------+
5 rows in set (0.00 sec)
18.	Write a query to show all customer names in uppercase.
ANS:
select upper(customer_name) from orders;
+----------------------+
| upper(customer_name) |
+----------------------+
| ALICE                |
| BOB                  |
| CHARLIE              |
| DIANA                |
| ETHAN                |
| FIONA                |
+----------------------+
6 rows in set (0.00 sec)
19.	Write a query to find orders where the product name is all lowercase.
ANS:
select lower(product_name) from orders;
+---------------------+
| lower(product_name) |
+---------------------+
| laptop              |
| phone               |
| tablet              |
| monitor             |
| keyboard            |
| mouse               |
+---------------------+
6 rows in set (0.00 sec)
20.	Write a query to return the first 3 letters of each product name with an alias Short_Name.
ANS: 
select substr(product_name,1,3) as Short_name from orders;
+------------+
| Short_name |
+------------+
| Lap        |
| Pho        |
| Tab        |
| Mon        |
| Key        |
| Mou        |
+------------+
6 rows in set (0.00 sec)


